hemi,GA,nodes,tets,qbar,qmax
left,22.71,69039,381513,0.1289,0.5331
left,21.43,55722,306571,0.1286,0.5211
left,21.57,63256,348971,0.1290,0.4921
left,21.86,62913,346930,0.1289,0.5005
left,21.86,59174,326083,0.1289,0.4621
left,22.29,72958,403305,0.1284,0.4995
left,22.57,66814,368871,0.1286,0.4986
left,22.57,68812,380226,0.1291,0.4788
left,22.71,68118,376210,0.1292,0.4986
left,22.86,65016,359318,0.1280,0.4897
left,23.14,69312,382940,0.1292,0.5080
left,23.29,80471,445343,0.1280,0.4908
left,23.43,85864,477230,0.1283,0.4657
left,23.43,73920,409418,0.1294,0.4798
left,23.57,93707,520188,0.1285,0.4871
left,23.71,79708,442437,0.1286,0.4996
left,23.71,96360,536144,0.1290,0.5149
left,24.00,93175,518632,0.1290,0.4702
left,24.14,86878,481375,0.1286,0.5127
left,24.14,90045,500056,0.1286,0.4948
left,24.29,94143,524183,0.1287,0.5146
left,24.29,92818,516219,0.1284,0.5023
left,24.29,90278,501706,0.1286,0.4622
left,24.43,96464,536509,0.1283,0.4636
left,24.43,99136,551028,0.1281,0.5195
left,24.43,97933,545071,0.1280,0.5450
left,24.57,91291,505434,0.1290,0.5026
left,24.57,112742,629650,0.1290,0.4781
left,24.57,97370,541146,0.1284,0.4829
left,24.71,91619,508009,0.1289,0.4821
left,24.71,97787,543209,0.1286,0.4782
left,24.71,100190,558455,0.1287,0.5178
left,24.71,102198,568653,0.1288,0.5030
left,24.71,109730,610981,0.1284,0.4816
left,25.14,94819,526768,0.1284,0.4791
left,25.14,111961,623493,0.1291,0.4987
left,25.29,112826,628840,0.1283,0.5074
left,25.43,111273,618886,0.1285,0.5196
left,25.43,100454,558897,0.1287,0.4803
left,25.43,114633,639086,0.1280,0.4923
left,25.57,120457,671095,0.1285,0.5105
left,25.71,97656,543290,0.1287,0.5281
left,25.71,116633,649886,0.1287,0.4689
left,25.71,123894,689815,0.1288,0.4928
left,25.86,116356,647711,0.1289,0.5209
left,25.86,119643,665289,0.1286,0.4781
left,25.86,104987,583989,0.1287,0.5065
left,25.86,116104,644148,0.1286,0.4736
left,25.86,119376,663229,0.1280,0.5158
left,25.86,110357,613203,0.1285,0.5242
left,26.14,119050,663616,0.1285,0.5451
left,26.14,138902,776270,0.1281,0.5050
left,26.29,119636,668464,0.1283,0.4969
left,26.29,125789,700623,0.1287,0.4983
left,26.43,129953,723843,0.1283,0.4978
left,26.43,138690,774967,0.1284,0.5080
left,26.43,122098,679985,0.1288,0.4941
left,26.57,139424,778066,0.1289,0.4915
left,26.57,143707,803914,0.1284,0.5229
left,26.57,118057,656200,0.1286,0.5613
left,26.71,143783,804121,0.1283,0.5192
left,26.71,141532,788654,0.1283,0.4852
left,26.86,146768,821754,0.1286,0.4984
left,26.86,143312,800677,0.1287,0.5039
left,26.86,152732,853819,0.1286,0.5045
left,27.00,154232,864830,0.1285,0.5163
left,27.00,162115,909041,0.1284,0.5084
left,27.00,159941,894508,0.1289,0.5263
left,27.29,163071,912577,0.1284,0.4796
left,27.43,149773,837167,0.1282,0.5040
left,27.43,132584,739692,0.1283,0.5356
left,27.43,143198,797052,0.1291,0.5319
left,27.43,146854,818441,0.1281,0.5142
left,27.57,141514,789741,0.1282,0.4954
left,27.57,146574,816046,0.1289,0.5068
left,27.71,169935,950348,0.1289,0.4930
left,27.71,161372,902965,0.1288,0.5059
left,27.71,145898,814686,0.1288,0.5174
left,27.86,157841,879243,0.1287,0.4944
left,27.86,196212,1103853,0.1282,0.5082
left,28.00,139143,773954,0.1282,0.5036
left,28.00,167180,932489,0.1282,0.5090
left,28.00,148415,828939,0.1285,0.5003
left,28.00,155923,872630,0.1283,0.4954
left,28.14,167690,936444,0.1285,0.5410
left,28.14,156244,872454,0.1285,0.4920
left,28.29,180270,1005399,0.1290,0.5017
left,28.29,177927,994865,0.1288,0.5256
left,28.29,156526,870681,0.1283,0.5229
left,28.57,183499,1025180,0.1287,0.5117
left,28.57,168546,940682,0.1285,0.5195
left,28.71,165648,925131,0.1285,0.5158
left,28.71,153330,855025,0.1282,0.4996
left,28.71,169509,947101,0.1285,0.5128
left,28.71,186177,1041565,0.1291,0.5188
left,28.86,175167,975548,0.1287,0.4965
left,28.86,168658,936621,0.1287,0.5210
left,28.86,167351,933380,0.1286,0.4969
left,28.86,201734,1130118,0.1285,0.5457
left,29.00,177816,991140,0.1283,0.5144
left,29.14,194931,1087842,0.1287,0.5317
left,29.14,182388,1015761,0.1285,0.5072
left,29.43,174397,971716,0.1285,0.4901
left,29.43,196102,1098708,0.1285,0.5121
left,29.43,201381,1123269,0.1285,0.4981
left,29.43,198828,1110080,0.1290,0.5244
left,29.57,201588,1120405,0.1286,0.5319
left,29.57,238783,1335622,0.1289,0.4969
left,29.57,191932,1071939,0.1287,0.5108
left,29.57,195321,1088987,0.1283,0.5182
left,29.71,219048,1224388,0.1286,0.5078
left,29.71,182573,1019615,0.1284,0.5020
left,29.71,185343,1033235,0.1287,0.5119
left,29.71,186668,1039537,0.1282,0.5122
left,29.71,191279,1070357,0.1281,0.5288
left,29.86,197605,1099047,0.1288,0.5232
left,30.00,197971,1104332,0.1287,0.5070
left,30.14,194144,1082212,0.1288,0.5075
left,30.14,190128,1058514,0.1286,0.5286
left,30.43,209039,1163941,0.1288,0.5256
left,30.57,202587,1121618,0.1288,0.4993
left,30.57,195919,1089564,0.1287,0.4999
left,30.57,189228,1052610,0.1286,0.4915
left,30.71,219867,1219156,0.1284,0.5191
left,30.71,196099,1086968,0.1287,0.5144
left,30.86,209106,1161717,0.1290,0.5283
left,31.00,193114,1069016,0.1290,0.5225
left,31.00,276016,1531238,0.1289,0.5091
left,31.14,226608,1264686,0.1286,0.5171
left,31.29,210906,1174462,0.1287,0.5066
left,31.29,187496,1035129,0.1290,0.5443
left,31.29,256529,1431020,0.1287,0.5232
left,31.29,239504,1338409,0.1289,0.5373
left,31.43,244644,1366756,0.1286,0.5048
left,31.43,223582,1231166,0.1288,0.5036
left,31.43,212786,1177497,0.1287,0.4952
left,31.86,224163,1238283,0.1283,0.5012
left,31.86,236015,1313186,0.1286,0.4963
left,31.86,234795,1304758,0.1292,0.5223
left,31.86,240455,1338404,0.1286,0.5300
left,32.00,227981,1258907,0.1289,0.5058
left,32.00,202862,1117754,0.1285,0.5089
left,32.00,216805,1200734,0.1290,0.5180
left,32.00,214757,1186789,0.1288,0.5241
left,32.00,243134,1349473,0.1289,0.5123
left,32.14,255502,1422847,0.1286,0.5243
left,32.14,220614,1218134,0.1294,0.4933
left,32.14,232345,1292311,0.1287,0.5108
left,32.14,248220,1370993,0.1290,0.5395
left,32.29,244230,1346215,0.1287,0.5287
left,32.29,238638,1321518,0.1288,0.5124
left,32.29,285498,1588920,0.1285,0.4928
left,32.29,231223,1275007,0.1292,0.5086
left,32.71,245226,1356165,0.1287,0.5011
left,32.86,254156,1401216,0.1287,0.5042
left,33.00,249127,1374064,0.1288,0.4968
left,33.00,273537,1508579,0.1287,0.5392
left,33.00,281400,1557866,0.1288,0.5157
left,33.14,271837,1500352,0.1291,0.5075
left,33.14,241459,1325288,0.1287,0.5122
left,33.29,287390,1591086,0.1289,0.5302
left,33.29,268356,1477164,0.1290,0.5091
left,33.43,253630,1398586,0.1291,0.5100
left,33.43,293554,1620267,0.1289,0.5388
left,33.57,264680,1458186,0.1287,0.5029
left,33.57,277707,1527732,0.1288,0.5362
left,33.57,283108,1566326,0.1288,0.5157
left,33.71,283950,1555414,0.1288,0.5292
left,33.71,261009,1441561,0.1289,0.5378
left,33.86,290248,1604834,0.1289,0.5231
left,34.57,267895,1468232,0.1287,0.4974
left,34.57,224533,1223089,0.1291,0.5352
left,34.57,280760,1540380,0.1288,0.5080
left,34.57,276533,1518190,0.1289,0.4861
left,34.71,266368,1455300,0.1292,0.5281
left,34.86,295640,1623746,0.1287,0.5060
left,35.00,283255,1554322,0.1290,0.5319
left,35.14,278600,1533155,0.1288,0.5381
left,35.29,288650,1577611,0.1291,0.5071
left,35.29,279249,1532916,0.1288,0.4992
left,35.29,265959,1446146,0.1291,0.5060
left,35.43,349187,1920376,0.1287,0.5092
left,35.86,380562,2098394,0.1292,0.5124
left,36.00,338755,1859657,0.1288,0.5274
left,36.00,299778,1638399,0.1291,0.5174
left,36.14,288849,1576438,0.1288,0.4975
left,36.43,270924,1494025,0.1289,0.5266
left,36.71,335707,1829324,0.1292,0.5035
left,37.14,342749,1876275,0.1290,0.5158
left,37.29,334806,1825420,0.1293,0.5361
left,37.43,385150,2114138,0.1292,0.5182
left,37.57,356579,1952547,0.1289,0.5110
left,38.00,361780,1973830,0.1290,0.5240
left,38.29,335927,1830256,0.1293,0.5175
