subject,GA,h,input_type,scenario,nodes,tets,qbar,qmax,qstd,roughness_raw,roughness_final,displacement_mean,displacement_max
subject_GA21.86_left,21.86,0.4,raw,without_postsmoothing,198206,1120746,0.1282,0.4879,0.0662,,,,
subject_GA21.86_left,21.86,0.4,raw,with_postsmoothing,,,0.131859,0.499863,0.0685806,0.19143,0.13261,0.17563,0.46665
subject_GA21.86_left,21.86,0.4,smoothed,without_postsmoothing,194632,1101843,0.1284,0.5497,0.0665,,,,
subject_GA21.86_left,21.86,0.4,smoothed,with_postsmoothing,,,0.131991,0.534159,0.068964,0.19086,0.13022,0.17262,0.43387
subject_GA21.86_left,21.86,0.6,raw,without_postsmoothing,60233,331471,0.1288,0.4941,0.0668,,,,
subject_GA21.86_left,21.86,0.6,raw,with_postsmoothing,,,0.134566,0.498736,0.0699746,0.19653,0.14139,0.23644,0.75286
subject_GA21.86_left,21.86,0.6,smoothed,without_postsmoothing,59174,326083,0.1289,0.4621,0.0664,,,,
subject_GA21.86_left,21.86,0.6,smoothed,with_postsmoothing,,,0.134518,0.498058,0.0702515,0.19001,0.13164,0.23663,0.74194
subject_GA21.86_left,21.86,0.8,raw,without_postsmoothing,26292,140481,0.1288,0.4901,0.066,,,,
subject_GA21.86_left,21.86,0.8,raw,with_postsmoothing,,,0.137865,0.49555,0.0717188,0.20125,0.13847,0.32509,1.02497
subject_GA21.86_left,21.86,0.8,smoothed,without_postsmoothing,25722,137933,0.1297,0.4578,0.0665,,,,
subject_GA21.86_left,21.86,0.8,smoothed,with_postsmoothing,,,0.135407,0.49926,0.0698791,0.19332,0.13962,0.25844,0.72427
subject_GA28.00_left,28.0,0.4,raw,without_postsmoothing,462965,2631437,0.1284,0.5176,0.0665,,,,
subject_GA28.00_left,28.0,0.4,raw,with_postsmoothing,,,0.130966,0.499983,0.0683397,0.19307,0.13671,0.21327,0.4812
subject_GA28.00_left,28.0,0.4,smoothed,without_postsmoothing,458388,2612132,0.1284,0.5216,0.0665,,,,
subject_GA28.00_left,28.0,0.4,smoothed,with_postsmoothing,,,0.131578,0.499917,0.0686082,0.19126,0.13334,0.21681,0.45976
subject_GA28.00_left,28.0,0.6,raw,without_postsmoothing,140730,779837,0.1285,0.5141,0.0664,,,,
subject_GA28.00_left,28.0,0.6,raw,with_postsmoothing,,,0.134037,0.499995,0.069369,0.19889,0.14564,0.27443,0.66424
subject_GA28.00_left,28.0,0.6,smoothed,without_postsmoothing,139143,773954,0.1282,0.5036,0.0663,,,,
subject_GA28.00_left,28.0,0.6,smoothed,with_postsmoothing,,,0.133382,0.499735,0.0698656,0.19636,0.13857,0.27028,0.6995
subject_GA28.00_left,28.0,0.8,raw,without_postsmoothing,60855,328871,0.1289,0.4928,0.0664,,,,
subject_GA28.00_left,28.0,0.8,raw,with_postsmoothing,,,0.13465,0.499968,0.0698753,0.20402,0.14935,0.29915,0.74759
subject_GA28.00_left,28.0,0.8,smoothed,without_postsmoothing,60114,326436,0.1289,0.5084,0.0664,,,,
subject_GA28.00_left,28.0,0.8,smoothed,with_postsmoothing,,,0.1367,0.499937,0.0710736,0.20173,0.14586,0.34197,1.01462
subject_GA33.86_left,33.86,0.4,raw,without_postsmoothing,181162,1021359,0.1284,0.5173,0.0664,,,,
subject_GA33.86_left,33.86,0.4,raw,with_postsmoothing,,,0.132269,0.50229,0.0689515,0.19177,0.13319,0.17497,0.48403
subject_GA33.86_left,33.86,0.4,smoothed,without_postsmoothing,177857,1004351,0.1284,0.5284,0.0664,,,,
subject_GA33.86_left,33.86,0.4,smoothed,with_postsmoothing,,,0.132205,0.499818,0.068851,0.19358,0.13304,0.17013,0.44042
subject_GA33.86_left,33.86,0.6,raw,without_postsmoothing,55190,302364,0.1293,0.4767,0.0665,,,,
subject_GA33.86_left,33.86,0.6,raw,with_postsmoothing,,,0.13393,0.49971,0.0696644,0.19644,0.13711,0.20804,0.61437
subject_GA33.86_left,33.86,0.6,raw,without_postsmoothing,292183,1609636,0.1289,0.5175,0.0665,,,,
subject_GA33.86_left,33.86,0.6,raw,with_postsmoothing,,,0.133174,0.499952,0.0693528,0.20511,0.15376,0.333,0.80093
subject_GA33.86_left,33.86,0.6,smoothed,without_postsmoothing,54188,297338,0.1284,0.4871,0.0665,,,,
subject_GA33.86_left,33.86,0.6,smoothed,with_postsmoothing,,,0.134595,0.499008,0.0704139,0.19239,0.13309,0.23309,0.57857
subject_GA33.86_left,33.86,0.6,smoothed,without_postsmoothing,290248,1604834,0.1289,0.5231,0.0667,,,,
subject_GA33.86_left,33.86,0.6,smoothed,with_postsmoothing,,,0.133076,0.499874,0.0693426,0.2047,0.15314,0.32409,0.68465
subject_GA33.86_left,33.86,0.8,raw,without_postsmoothing,23913,127373,0.1289,0.4739,0.0663,,,,
subject_GA33.86_left,33.86,0.8,raw,with_postsmoothing,,,0.135422,0.499038,0.0705772,0.19961,0.14121,0.26717,0.76723
subject_GA33.86_left,33.86,0.8,raw,without_postsmoothing,126324,677866,0.1291,0.4965,0.0665,,,,
subject_GA33.86_left,33.86,0.8,raw,with_postsmoothing,,,0.134937,0.499754,0.0702081,0.21584,0.16611,0.37224,0.96967
subject_GA33.86_left,33.86,0.8,smoothed,without_postsmoothing,23508,125330,0.1285,0.4768,0.0658,,,,
subject_GA33.86_left,33.86,0.8,smoothed,with_postsmoothing,,,0.137505,0.566917,0.072075,0.19572,0.13367,0.32187,0.94965
subject_GA33.86_left,33.86,0.8,smoothed,without_postsmoothing,125749,677789,0.1294,0.5162,0.0667,,,,
subject_GA33.86_left,33.86,0.8,smoothed,with_postsmoothing,,,0.1352,0.533287,0.0703645,0.21499,0.16255,0.36329,0.84312
